ts_code,period,dcf_equity_value_ttm,dcf_equity_value_ttm_growth_r,total_mv,symbol,name,area,industry,market,list_date,list_status
000001.SZ,1990Q4,,,,000001,平安银行,深圳,银行,主板,19910403,L
000001.SZ,1991Q4,,,,000001,平安银行,深圳,银行,主板,19910403,L
000001.SZ,1992Q4,,,,000001,平安银行,深圳,银行,主板,19910403,L
000001.SZ,1993Q4,,,,000001,平安银行,深圳,银行,主板,19910403,L
000001.SZ,1994Q4,,,,000001,平安银行,深圳,银行,主板,19910403,L
000001.SZ,1995Q4,,,,000001,平安银行,深圳,银行,主板,19910403,L
000001.SZ,1996Q4,,,,000001,平安银行,深圳,银行,主板,19910403,L
000001.SZ,1999Q2,,,,000001,平安银行,深圳,银行,主板,19910403,L
000001.SZ,2001Q4,,,,000001,平安银行,深圳,银行,主板,19910403,L
000001.SZ,2002Q4,,,,000001,平安银行,深圳,银行,主板,19910403,L
000001.SZ,2008Q2,,,,000001,平安银行,深圳,银行,主板,19910403,L
000001.SZ,2012Q2,,,,000001,平安银行,深圳,银行,主板,19910403,L
000001.SZ,2012Q4,,,,000001,平安银行,深圳,银行,主板,19910403,L
000001.SZ,2013Q4,,,,000001,平安银行,深圳,银行,主板,19910403,L
000001.SZ,2014Q1,,,10253843.0715,000001,平安银行,深圳,银行,主板,19910403,L
000001.SZ,2014Q2,,,11322070.7339,000001,平安银行,深圳,银行,主板,19910403,L
000001.SZ,2014Q3,,,11584843.314,000001,平安银行,深圳,银行,主板,19910403,L
000001.SZ,2014Q4,549867510255.2277,549867510255.2277,18097033.3426,000001,平安银行,深圳,银行,主板,19910403,L
000001.SZ,2015Q1,,,17994209.2895,000001,平安银行,深圳,银行,主板,19910403,L
000001.SZ,2015Q2,4326626813378.9766,4326626813378.9766,20804815.1061,000001,平安银行,深圳,银行,主板,19910403,L
000001.SZ,2015Q3,3403260107865.6396,3403260107865.6396,15009801.2698,000001,平安银行,深圳,银行,主板,19910403,L
000001.SZ,2015Q4,,,17156102.6907,000001,平安银行,深圳,银行,主板,19910403,L
000001.SZ,2016Q1,1428607795651.3088,1428607795651.3088,15224431.4119,000001,平安银行,深圳,银行,主板,19910403,L
000001.SZ,2016Q2,,,14938257.8884,000001,平安银行,深圳,银行,主板,19910403,L
000001.SZ,2016Q3,,,15573563.109,000001,平安银行,深圳,银行,主板,19910403,L
000001.SZ,2016Q4,440835632307.8845,440835632307.8845,15625074.3431,000001,平安银行,深圳,银行,主板,19910403,L
000001.SZ,2017Q1,,,15745267.2226,000001,平安银行,深圳,银行,主板,19910403,L
000001.SZ,2017Q2,,,16123016.2727,000001,平安银行,深圳,银行,主板,19910403,L
000001.SZ,2017Q3,191913394141.86392,191913394141.86392,19076327.0276,000001,平安银行,深圳,银行,主板,19910403,L
000001.SZ,2017Q4,,,22836647.1168,000001,平安银行,深圳,银行,主板,19910403,L
000001.SZ,2018Q1,1031880414359.6045,1031880414359.6045,18715748.3889,000001,平安银行,深圳,银行,主板,19910403,L
000001.SZ,2018Q2,500944087531.6126,500944087531.6126,15607903.9317,000001,平安银行,深圳,银行,主板,19910403,L
000001.SZ,2018Q3,805582151676.5522,805582151676.5522,18973304.5594,000001,平安银行,深圳,银行,主板,19910403,L
000001.SZ,2018Q4,,,16105845.8613,000001,平安银行,深圳,银行,主板,19910403,L
000001.SZ,2019Q1,,,22012467.3712,000001,平安银行,深圳,银行,主板,19910403,L
000001.SZ,2019Q2,,,23660826.8623,000001,平安银行,深圳,银行,主板,19910403,L
000001.SZ,2019Q3,1042968469116.0322,1042968469116.0322,30253826.4707,000001,平安银行,深圳,银行,主板,19910403,L
000001.SZ,2019Q4,,,31922735.4357,000001,平安银行,深圳,银行,主板,19910403,L
000001.SZ,2020Q1,,,24839575.2934,000001,平安银行,深圳,银行,主板,19910403,L
000001.SZ,2020Q2,,,24839575.2934,000001,平安银行,深圳,银行,主板,19910403,L
000001.SZ,2020Q3,,,29438777.9064,000001,平安银行,深圳,银行,主板,19910403,L
000001.SZ,2020Q4,,,37531045.7949,000001,平安银行,深圳,银行,主板,19910403,L
000001.SZ,2021Q1,,,42712425.9538,000001,平安银行,深圳,银行,主板,19910403,L
000001.SZ,2021Q2,,,43896186.9639,000001,平安银行,深圳,银行,主板,19910403,L
000001.SZ,2021Q3,,,34794811.329,000001,平安银行,深圳,银行,主板,19910403,L
000001.SZ,2021Q4,,,31980953.1903,000001,平安银行,深圳,银行,主板,19910403,L
000001.SZ,2022Q1,,,29846302.1885,000001,平安银行,深圳,银行,主板,19910403,L
000001.SZ,2022Q2,1934815805970.894,1738759593306.3403,29070065.4606,000001,平安银行,深圳,银行,主板,19910403,L
000001.SZ,2022Q3,643413249651.2498,613795237465.8507,22976607.1464,000001,平安银行,深圳,银行,主板,19910403,L
000001.SZ,2022Q4,3617502879234.4893,3539335408814.551,25538188.3486,000001,平安银行,深圳,银行,主板,19910403,L
000001.SZ,2023Q1,2651583679343.874,2644820637124.341,24315615.5021,000001,平安银行,深圳,银行,主板,19910403,L
000001.SZ,2023Q2,755130906347.4512,761742300836.9982,21792846.1364,000001,平安银行,深圳,银行,主板,19910403,L
000001.SZ,2023Q3,4405992538630.48,4346201856182.6943,21734628.3818,000001,平安银行,深圳,银行,主板,19910403,L
000001.SZ,2023Q4,2450841318996.4824,2297425378842.8926,18222157.1879,000001,平安银行,深圳,银行,主板,19910403,L
000001.SZ,2024Q1,,,20415025.9443,000001,平安银行,深圳,银行,主板,19910403,L
000001.SZ,2024Q2,4599707812541.332,4084409902248.4663,19697006.971,000001,平安银行,深圳,银行,主板,19910403,L
000001.SZ,2024Q3,3342858578071.53,2863937749511.6396,23694626.1198,000001,平安银行,深圳,银行,主板,19910403,L
000001.SZ,2024Q4,1923220419484.1118,1597653318530.62,22704924.2917,000001,平安银行,深圳,银行,主板,19910403,L
000001.SZ,2025Q1,7018582327323.211,5441186573912.613,21851063.8909,000001,平安银行,深圳,银行,主板,19910403,L
000001.SZ,2025Q2,3799303777230.3584,3246893917242.38,23422943.265,000001,平安银行,深圳,银行,主板,19910403,L
000001.SZ,2025Q3,,,22006311.2365,000001,平安银行,深圳,银行,主板,19910403,L
000001.SZ,2025Q4,9004049445081.79,6924743309147.957,22142152.6639,000001,平安银行,深圳,银行,主板,19910403,L
000001.SZ,2026Q1,5316479266236.129,3921160022855.6914,21501757.3634,000001,平安银行,深圳,银行,主板,19910403,L
000001.SZ,2026Q2,,,22297400.0095,000001,平安银行,深圳,银行,主板,19910403,L
000002.SZ,1990Q4,,,,000002,万科Ａ,深圳,全国地产,主板,19910129,L
000002.SZ,1991Q4,,,,000002,万科Ａ,深圳,全国地产,主板,19910129,L
000002.SZ,1992Q4,,,,000002,万科Ａ,深圳,全国地产,主板,19910129,L
000002.SZ,1993Q4,,,,000002,万科Ａ,深圳,全国地产,主板,19910129,L
000002.SZ,1994Q4,,,,000002,万科Ａ,深圳,全国地产,主板,19910129,L
000002.SZ,1995Q4,,,,000002,万科Ａ,深圳,全国地产,主板,19910129,L
000002.SZ,1996Q4,,,,000002,万科Ａ,深圳,全国地产,主板,19910129,L
000002.SZ,1997Q4,,,,000002,万科Ａ,深圳,全国地产,主板,19910129,L
000002.SZ,1998Q4,,,,000002,万科Ａ,深圳,全国地产,主板,19910129,L
000002.SZ,1999Q4,,,,000002,万科Ａ,深圳,全国地产,主板,19910129,L
000002.SZ,2000Q4,,,,000002,万科Ａ,深圳,全国地产,主板,19910129,L
000002.SZ,2001Q4,,,,000002,万科Ａ,深圳,全国地产,主板,19910129,L
000002.SZ,2002Q4,,,,000002,万科Ａ,深圳,全国地产,主板,19910129,L
000002.SZ,2003Q4,,,,000002,万科Ａ,深圳,全国地产,主板,19910129,L
000002.SZ,2004Q4,,,,000002,万科Ａ,深圳,全国地产,主板,19910129,L
000002.SZ,2005Q4,,,,000002,万科Ａ,深圳,全国地产,主板,19910129,L
000002.SZ,2006Q4,,,,000002,万科Ａ,深圳,全国地产,主板,19910129,L
000002.SZ,2007Q4,,,,000002,万科Ａ,深圳,全国地产,主板,19910129,L
000002.SZ,2008Q4,,,,000002,万科Ａ,深圳,全国地产,主板,19910129,L
000002.SZ,2009Q4,,,,000002,万科Ａ,深圳,全国地产,主板,19910129,L
000002.SZ,2010Q4,,,,000002,万科Ａ,深圳,全国地产,主板,19910129,L
000002.SZ,2011Q4,,,,000002,万科Ａ,深圳,全国地产,主板,19910129,L
000002.SZ,2012Q4,,,,000002,万科Ａ,深圳,全国地产,主板,19910129,L
000002.SZ,2013Q4,,,,000002,万科Ａ,深圳,全国地产,主板,19910129,L
000002.SZ,2014Q1,,,8911109.8555,000002,万科Ａ,深圳,全国地产,主板,19910129,L
000002.SZ,2014Q2,,,9109426.8485,000002,万科Ａ,深圳,全国地产,主板,19910129,L
000002.SZ,2014Q3,,,10111794.8952,000002,万科Ａ,深圳,全国地产,主板,19910129,L
000002.SZ,2014Q4,1089903760922.2039,1089903760922.2039,15310887.6954,000002,万科Ａ,深圳,全国地产,主板,19910129,L
000002.SZ,2015Q1,811459790964.9137,811459790964.9137,15265084.9431,000002,万科Ａ,深圳,全国地产,主板,19910129,L
000002.SZ,2015Q2,819111403020.3867,819111403020.3867,16040596.2552,000002,万科Ａ,深圳,全国地产,主板,19910129,L
000002.SZ,2015Q3,492118886634.73224,492118886634.73224,14065292.0909,000002,万科Ａ,深圳,全国地产,主板,19910129,L
000002.SZ,2015Q4,375479891589.0893,375479891589.0893,26996432.575,000002,万科Ａ,深圳,全国地产,主板,19910129,L
000002.SZ,2016Q1,487498957769.4646,487498957769.4646,26996432.575,000002,万科Ａ,深圳,全国地产,主板,19910129,L
000002.SZ,2016Q2,1249465274085.708,1249465274085.708,26996432.575,000002,万科Ａ,深圳,全国地产,主板,19910129,L
000002.SZ,2016Q3,1659365198320.5012,1659365198320.5012,28889460.7866,000002,万科Ａ,深圳,全国地产,主板,19910129,L
000002.SZ,2016Q4,993931953633.8385,993931953633.8385,22685457.3621,000002,万科Ａ,深圳,全国地产,主板,19910129,L
000002.SZ,2017Q1,1015479980544.2217,1015479980544.2217,22718574.8181,000002,万科Ａ,深圳,全国地产,主板,19910129,L
000002.SZ,2017Q2,911964292962.0576,911964292962.0576,27564762.5465,000002,万科Ａ,深圳,全国地产,主板,19910129,L
000002.SZ,2017Q3,276872342927.5613,276872342927.5613,28977774.0026,000002,万科Ａ,深圳,全国地产,主板,19910129,L
000002.SZ,2017Q4,2185798838407.1235,2185798838407.1235,34287606.1151,000002,万科Ａ,深圳,全国地产,主板,19910129,L
000002.SZ,2018Q1,1594412473512.129,1594412473512.129,36749337.0113,000002,万科Ａ,深圳,全国地产,主板,19910129,L
000002.SZ,2018Q2,1298790523392.7,1298790523392.7,27156313.9225,000002,万科Ａ,深圳,全国地产,主板,19910129,L
000002.SZ,2018Q3,754893475015.4098,754893475015.4098,26825139.3624,000002,万科Ａ,深圳,全国地产,主板,19910129,L
000002.SZ,2018Q4,769684498193.9225,769684498193.9225,26295260.0664,000002,万科Ａ,深圳,全国地产,主板,19910129,L
000002.SZ,2019Q1,712363615663.9092,712363615663.9092,33912274.9471,000002,万科Ａ,深圳,全国地产,主板,19910129,L
000002.SZ,2019Q2,1142391933611.0967,1142391933611.0967,31431259.6858,000002,万科Ａ,深圳,全国地产,主板,19910129,L
000002.SZ,2019Q3,1558245834875.8713,1558245834875.8713,29272550.3726,000002,万科Ａ,深圳,全国地产,主板,19910129,L
000002.SZ,2019Q4,1062146610530.4797,1282978813266.6917,36370296.1772,000002,万科Ａ,深圳,全国地产,主板,19910129,L
000002.SZ,2020Q1,1710228074354.5583,2189599564701.327,28989996.7976,000002,万科Ａ,深圳,全国地产,主板,19910129,L
000002.SZ,2020Q2,1467483659576.0703,1795083463895.9937,30368751.9734,000002,万科Ａ,深圳,全国地产,主板,19910129,L
000002.SZ,2020Q3,1898864353402.929,2331387295843.1924,32552885.6272,000002,万科Ａ,深圳,全国地产,主板,19910129,L
000002.SZ,2020Q4,1234493221555.0295,1392217507201.2974,33342891.4169,000002,万科Ａ,深圳,全国地产,主板,19910129,L
000002.SZ,2021Q1,1774033301428.2356,1982736175033.087,34853196.603,000002,万科Ａ,深圳,全国地产,主板,19910129,L
000002.SZ,2021Q2,801288673511.5637,852712633775.9817,27661820.3706,000002,万科Ａ,深圳,全国地产,主板,19910129,L
000002.SZ,2021Q3,285617846366.20044,278071854688.6227,24773691.9721,000002,万科Ａ,深圳,全国地产,主板,19910129,L
000002.SZ,2021Q4,,,22971757.549,000002,万科Ａ,深圳,全国地产,主板,19910129,L
000002.SZ,2022Q1,,,22262609.1631,000002,万科Ａ,深圳,全国地产,主板,19910129,L
000002.SZ,2022Q2,,,23832035.9188,000002,万科Ａ,深圳,全国地产,主板,19910129,L
000002.SZ,2022Q3,,,20737554.9868,000002,万科Ａ,深圳,全国地产,主板,19910129,L
000002.SZ,2022Q4,,,21167891.2372,000002,万科Ａ,深圳,全国地产,主板,19910129,L
000002.SZ,2023Q1,128470644978.62292,-13412565237.162521,18182401.2338,000002,万科Ａ,深圳,全国地产,主板,19910129,L
000002.SZ,2023Q2,,,16726854.6783,000002,万科Ａ,深圳,全国地产,主板,19910129,L
000002.SZ,2023Q3,,,15605367.9881,000002,万科Ａ,深圳,全国地产,主板,19910129,L
000002.SZ,2023Q4,,,12479522.1067,000002,万科Ａ,深圳,全国地产,主板,19910129,L
000002.SZ,2024Q1,,,10737638.5239,000002,万科Ａ,深圳,全国地产,主板,19910129,L
000002.SZ,2024Q2,,,8267981.6634,000002,万科Ａ,深圳,全国地产,主板,19910129,L
000002.SZ,2024Q3,,,11596649.6058,000002,万科Ａ,深圳,全国地产,主板,19910129,L
000002.SZ,2024Q4,,,8661695.0759,000002,万科Ａ,深圳,全国地产,主板,19910129,L
000002.SZ,2025Q1,-64696249780.04253,-64696249780.04253,8411150.1771,000002,万科Ａ,深圳,全国地产,主板,19910129,L
000002.SZ,2025Q2,-71355914645.43152,-71355914645.43152,7659515.4804,000002,万科Ａ,深圳,全国地产,主板,19910129,L
000002.SZ,2025Q3,,,8220258.8255,000002,万科Ａ,深圳,全国地产,主板,19910129,L
000002.SZ,2025Q4,,,5547779.904,000002,万科Ａ,深圳,全国地产,主板,19910129,L
000002.SZ,2026Q1,,,4760353.0789,000002,万科Ａ,深圳,全国地产,主板,19910129,L
000002.SZ,2026Q2,,,4664907.4032,000002,万科Ａ,深圳,全国地产,主板,19910129,L
000004.SZ,1992Q4,,,,000004,*ST国华,深圳,软件服务,主板,19901201,L
000004.SZ,1993Q4,,,,000004,*ST国华,深圳,软件服务,主板,19901201,L
000004.SZ,1994Q4,,,,000004,*ST国华,深圳,软件服务,主板,19901201,L
000004.SZ,2001Q4,,,,000004,*ST国华,深圳,软件服务,主板,19901201,L
000004.SZ,2002Q4,,,,000004,*ST国华,深圳,软件服务,主板,19901201,L
000004.SZ,2014Q1,,,107238.2255,000004,*ST国华,深圳,软件服务,主板,19901201,L
000004.SZ,2014Q2,,,116559.6374,000004,*ST国华,深圳,软件服务,主板,19901201,L
000004.SZ,2014Q3,,,157204.3524,000004,*ST国华,深圳,软件服务,主板,19901201,L
000004.SZ,2014Q4,,,130751.697,000004,*ST国华,深圳,软件服务,主板,19901201,L
000004.SZ,2015Q1,,,201376.0882,000004,*ST国华,深圳,软件服务,主板,19901201,L
000004.SZ,2015Q2,,,323310.2334,000004,*ST国华,深圳,软件服务,主板,19901201,L
000004.SZ,2015Q3,,,212964.8706,000004,*ST国华,深圳,软件服务,主板,19901201,L
000004.SZ,2015Q4,149766470.66159603,149766470.66159603,385452.9796,000004,*ST国华,深圳,软件服务,主板,19901201,L
000004.SZ,2016Q1,545556194.579784,545556194.579784,309286.1272,000004,*ST国华,深圳,软件服务,主板,19901201,L
000004.SZ,2016Q2,3362742738.5335126,3362742738.5335126,309286.1272,000004,*ST国华,深圳,软件服务,主板,19901201,L
000004.SZ,2016Q3,4099148785.3238,4099148785.3238,314576.6583,000004,*ST国华,深圳,软件服务,主板,19901201,L
000004.SZ,2016Q4,4029436103.9883337,4029436103.9883337,377055.3112,000004,*ST国华,深圳,软件服务,主板,19901201,L
000004.SZ,2017Q1,3742623151.2278457,3742623151.2278457,302316.0624,000004,*ST国华,深圳,软件服务,主板,19901201,L
000004.SZ,2017Q2,1059638432.2257677,1059638432.2257677,215400.1945,000004,*ST国华,深圳,软件服务,主板,19901201,L
000004.SZ,2017Q3,563641706.5826867,563641706.5826867,202131.8784,000004,*ST国华,深圳,软件服务,主板,19901201,L
000004.SZ,2017Q4,337503559.6887971,337503559.6887971,187939.8188,000004,*ST国华,深圳,软件服务,主板,19901201,L
000004.SZ,2018Q1,876123004.437875,876123004.437875,191886.7229,000004,*ST国华,深圳,软件服务,主板,19901201,L
000004.SZ,2018Q2,646683723.9982896,646683723.9982896,164594.3006,000004,*ST国华,深圳,软件服务,主板,19901201,L
000004.SZ,2018Q3,161755474.15529293,161755474.15529293,133522.9276,000004,*ST国华,深圳,软件服务,主板,19901201,L
000004.SZ,2018Q4,,,134614.6245,000004,*ST国华,深圳,软件服务,主板,19901201,L
000004.SZ,2019Q1,,,181977.4742,000004,*ST国华,深圳,软件服务,主板,19901201,L
000004.SZ,2019Q2,,,178198.5234,000004,*ST国华,深圳,软件服务,主板,19901201,L
000004.SZ,2019Q3,,,157876.1659,000004,*ST国华,深圳,软件服务,主板,19901201,L
000004.SZ,2019Q4,,,189703.3292,000004,*ST国华,深圳,软件服务,主板,19901201,L
000004.SZ,2020Q1,,,503575.5589,000004,*ST国华,深圳,软件服务,主板,19901201,L
000004.SZ,2020Q2,,,492517.033,000004,*ST国华,深圳,软件服务,主板,19901201,L
000004.SZ,2020Q3,,,381106.5111,000004,*ST国华,深圳,软件服务,主板,19901201,L
000004.SZ,2020Q4,,,341658.9338,000004,*ST国华,深圳,软件服务,主板,19901201,L
000004.SZ,2021Q1,,,282074.9361,000004,*ST国华,深圳,软件服务,主板,19901201,L
000004.SZ,2021Q2,,,306337.672,000004,*ST国华,深圳,软件服务,主板,19901201,L
000004.SZ,2021Q3,,,296093.7433,000004,*ST国华,深圳,软件服务,主板,19901201,L
000004.SZ,2021Q4,216507380.1834101,216507380.1834101,302957.8765,000004,*ST国华,深圳,软件服务,主板,19901201,L
000004.SZ,2022Q1,518731493.5110686,518731493.5110686,312162.055,000004,*ST国华,深圳,软件服务,主板,19901201,L
000004.SZ,2022Q2,241138523.359056,241138523.359056,138998.6962,000004,*ST国华,深圳,软件服务,主板,19901201,L
000004.SZ,2022Q3,598451840.2156004,598451840.2156004,112123.7188,000004,*ST国华,深圳,软件服务,主板,19901201,L
000004.SZ,2022Q4,,,128596.8717,000004,*ST国华,深圳,软件服务,主板,19901201,L
000004.SZ,2023Q1,,,131519.5279,000004,*ST国华,深圳,软件服务,主板,19901201,L
000004.SZ,2023Q2,,,202593.2122,000004,*ST国华,深圳,软件服务,主板,19901201,L
000004.SZ,2023Q3,,,212205.592,000004,*ST国华,深圳,软件服务,主板,19901201,L
000004.SZ,2023Q4,,,213529.3949,000004,*ST国华,深圳,软件服务,主板,19901201,L
000004.SZ,2024Q1,,,199232.3244,000004,*ST国华,深圳,软件服务,主板,19901201,L
000004.SZ,2024Q2,,,154090.6482,000004,*ST国华,深圳,软件服务,主板,19901201,L
000004.SZ,2024Q3,,,215779.8597,000004,*ST国华,深圳,软件服务,主板,19901201,L
000004.SZ,2024Q4,,,183214.3103,000004,*ST国华,深圳,软件服务,主板,19901201,L
000004.SZ,2025Q1,,,128938.3947,000004,*ST国华,深圳,软件服务,主板,19901201,L
000004.SZ,2025Q2,,,117156.5496,000004,*ST国华,深圳,软件服务,主板,19901201,L
000004.SZ,2025Q3,,,147206.8736,000004,*ST国华,深圳,软件服务,主板,19901201,L
000004.SZ,2025Q4,854211455.7065991,180738887.53766662,146677.3525,000004,*ST国华,深圳,软件服务,主板,19901201,L
000004.SZ,2026Q1,810201992.8359637,191148297.7193006,60497.7889,000004,*ST国华,深圳,软件服务,主板,19901201,L
000004.SZ,2026Q2,,,36536.9578,000004,*ST国华,深圳,软件服务,主板,19901201,L
000006.SZ,1993Q4,,,,000006,深振业Ａ,深圳,区域地产,主板,19920427,L
000006.SZ,1994Q4,,,,000006,深振业Ａ,深圳,区域地产,主板,19920427,L
000006.SZ,1995Q4,,,,000006,深振业Ａ,深圳,区域地产,主板,19920427,L
000006.SZ,1996Q4,,,,000006,深振业Ａ,深圳,区域地产,主板,19920427,L
000006.SZ,1997Q4,,,,000006,深振业Ａ,深圳,区域地产,主板,19920427,L
000006.SZ,1998Q4,,,,000006,深振业Ａ,深圳,区域地产,主板,19920427,L
000006.SZ,1999Q4,,,,000006,深振业Ａ,深圳,区域地产,主板,19920427,L
000006.SZ,2000Q4,,,,000006,深振业Ａ,深圳,区域地产,主板,19920427,L
000006.SZ,2001Q4,,,,000006,深振业Ａ,深圳,区域地产,主板,19920427,L
000006.SZ,2002Q4,,,,000006,深振业Ａ,深圳,区域地产,主板,19920427,L
000006.SZ,2004Q4,,,,000006,深振业Ａ,深圳,区域地产,主板,19920427,L
000006.SZ,2005Q4,,,,000006,深振业Ａ,深圳,区域地产,主板,19920427,L
000006.SZ,2006Q4,,,,000006,深振业Ａ,深圳,区域地产,主板,19920427,L
000006.SZ,2007Q4,,,,000006,深振业Ａ,深圳,区域地产,主板,19920427,L
000006.SZ,2008Q4,,,,000006,深振业Ａ,深圳,区域地产,主板,19920427,L
000006.SZ,2009Q4,,,,000006,深振业Ａ,深圳,区域地产,主板,19920427,L
000006.SZ,2010Q4,,,,000006,深振业Ａ,深圳,区域地产,主板,19920427,L
000006.SZ,2011Q4,,,,000006,深振业Ａ,深圳,区域地产,主板,19920427,L
000006.SZ,2012Q4,,,,000006,深振业Ａ,深圳,区域地产,主板,19920427,L
000006.SZ,2013Q4,,,,000006,深振业Ａ,深圳,区域地产,主板,19920427,L
000006.SZ,2014Q1,,,727647.3298,000006,深振业Ａ,深圳,区域地产,主板,19920427,L
000006.SZ,2014Q2,,,618297.7311,000006,深振业Ａ,深圳,区域地产,主板,19920427,L
000006.SZ,2014Q3,,,791097.097,000006,深振业Ａ,深圳,区域地产,主板,19920427,L
000006.SZ,2014Q4,,,951746.5074,000006,深振业Ａ,深圳,区域地产,主板,19920427,L
000006.SZ,2015Q1,,,1187995.6405,000006,深振业Ａ,深圳,区域地产,主板,19920427,L
000006.SZ,2015Q2,,,1831943.2774,000006,深振业Ａ,深圳,区域地产,主板,19920427,L
000006.SZ,2015Q3,,,1268995.3432,000006,深振业Ａ,深圳,区域地产,主板,19920427,L
000006.SZ,2015Q4,,,1553844.2979,000006,深振业Ａ,深圳,区域地产,主板,19920427,L
000006.SZ,2016Q1,23028854793.43267,23028854793.43267,1120495.8882,000006,深振业Ａ,深圳,区域地产,主板,19920427,L
000006.SZ,2016Q2,35833219149.87685,35833219149.87685,994946.3489,000006,深振业Ａ,深圳,区域地产,主板,19920427,L
000006.SZ,2016Q3,54616832353.81739,54616832353.81739,1304095.2144,000006,深振业Ａ,深圳,区域地产,主板,19920427,L
000006.SZ,2016Q4,45470339509.6918,45470339509.6918,1275745.3185,000006,深振业Ａ,深圳,区域地产,主板,19920427,L
000006.SZ,2017Q1,34056605036.62183,34056605036.62183,1117795.8981,000006,深振业Ａ,深圳,区域地产,主板,19920427,L
000006.SZ,2017Q2,40045437338.87724,40045437338.87724,1189345.6355,000006,深振业Ａ,深圳,区域地产,主板,19920427,L
000006.SZ,2017Q3,36842711727.87189,36842711727.87189,1329745.1203,000006,深振业Ａ,深圳,区域地产,主板,19920427,L
000006.SZ,2017Q4,20962160884.412678,20962160884.412678,1329745.1203,000006,深振业Ａ,深圳,区域地产,主板,19920427,L
000006.SZ,2018Q1,13843729494.008244,13843729494.008244,994946.3489,000006,深振业Ａ,深圳,区域地产,主板,19920427,L
000006.SZ,2018Q2,,,791097.097,000006,深振业Ａ,深圳,区域地产,主板,19920427,L
000006.SZ,2018Q3,8465838382.202381,8465838382.202381,769497.1762,000006,深振业Ａ,深圳,区域地产,主板,19920427,L
000006.SZ,2018Q4,43978441264.67525,43978441264.67525,699297.4338,000006,深振业Ａ,深圳,区域地产,主板,19920427,L
000006.SZ,2019Q1,42988587214.23056,42988587214.23056,911246.6561,000006,深振业Ａ,深圳,区域地产,主板,19920427,L
000006.SZ,2019Q2,62387531618.04054,62387531618.04054,735747.3001,000006,深振业Ａ,深圳,区域地产,主板,19920427,L
000006.SZ,2019Q3,37709077674.01741,37709077674.01741,679047.5081,000006,深振业Ａ,深圳,区域地产,主板,19920427,L
000006.SZ,2019Q4,,,723597.3447,000006,深振业Ａ,深圳,区域地产,主板,19920427,L
000006.SZ,2020Q1,,,604797.7806,000006,深振业Ａ,深圳,区域地产,主板,19920427,L
000006.SZ,2020Q2,,,919346.6263,000006,深振业Ａ,深圳,区域地产,主板,19920427,L
000006.SZ,2020Q3,,,868046.8146,000006,深振业Ａ,深圳,区域地产,主板,19920427,L
000006.SZ,2020Q4,,,757347.2208,000006,深振业Ａ,深圳,区域地产,主板,19920427,L
000006.SZ,2021Q1,11013546347.857006,19431314963.114117,726297.3347,000006,深振业Ａ,深圳,区域地产,主板,19920427,L
000006.SZ,2021Q2,,,676347.518,000006,深振业Ａ,深圳,区域地产,主板,19920427,L
000006.SZ,2021Q3,,,606147.7757,000006,深振业Ａ,深圳,区域地产,主板,19920427,L
000006.SZ,2021Q4,,,602097.7905,000006,深振业Ａ,深圳,区域地产,主板,19920427,L
000006.SZ,2022Q1,,,695247.4487,000006,深振业Ａ,深圳,区域地产,主板,19920427,L
000006.SZ,2022Q2,,,635847.6667,000006,深振业Ａ,深圳,区域地产,主板,19920427,L
000006.SZ,2022Q3,24836098108.866436,-153635933.31884193,557547.954,000006,深振业Ａ,深圳,区域地产,主板,19920427,L
000006.SZ,2022Q4,59635494426.61805,16512314810.678158,850496.879,000006,深振业Ａ,深圳,区域地产,主板,19920427,L
000006.SZ,2023Q1,44693985049.05333,7802447355.691062,685797.4834,000006,深振业Ａ,深圳,区域地产,主板,19920427,L
000006.SZ,2023Q2,41474379841.469505,4605908970.200229,589947.8351,000006,深振业Ａ,深圳,区域地产,主板,19920427,L
000006.SZ,2023Q3,23861925052.47232,1190050462.422112,612897.7509,000006,深振业Ａ,深圳,区域地产,主板,19920427,L
000006.SZ,2023Q4,-605524500.3269091,-605524500.3269091,619647.7261,000006,深振业Ａ,深圳,区域地产,主板,19920427,L
000006.SZ,2024Q1,7585665045.685935,7585665045.685935,533248.0432,000006,深振业Ａ,深圳,区域地产,主板,19920427,L
000006.SZ,2024Q2,9865389478.1876,9865389478.1876,523798.0778,000006,深振业Ａ,深圳,区域地产,主板,19920427,L
000006.SZ,2024Q3,2740203537.1640015,2740203537.1640015,754647.2307,000006,深振业Ａ,深圳,区域地产,主板,19920427,L
000006.SZ,2024Q4,28123595906.109737,28123595906.109737,988196.3737,000006,深振业Ａ,深圳,区域地产,主板,19920427,L
000006.SZ,2025Q1,36571616273.80697,36571616273.80697,984146.3885,000006,深振业Ａ,深圳,区域地产,主板,19920427,L
000006.SZ,2025Q2,49146385776.85655,49146385776.85655,870746.8047,000006,深振业Ａ,深圳,区域地产,主板,19920427,L
000006.SZ,2025Q3,39937150879.60914,39937150879.60914,1389144.9023,000006,深振业Ａ,深圳,区域地产,主板,19920427,L
000006.SZ,2025Q4,5035972694.604216,5035972694.604216,1343245.0708,000006,深振业Ａ,深圳,区域地产,主板,19920427,L
000006.SZ,2026Q1,10364445312.462923,10364445312.462923,1160995.7396,000006,深振业Ａ,深圳,区域地产,主板,19920427,L
000006.SZ,2026Q2,,,1309495.1946,000006,深振业Ａ,深圳,区域地产,主板,19920427,L
000007.SZ,1993Q4,,,,000007,全新好,深圳,其他商业,主板,19920413,L
000007.SZ,1994Q4,,,,000007,全新好,深圳,其他商业,主板,19920413,L
000007.SZ,1995Q4,,,,000007,全新好,深圳,其他商业,主板,19920413,L
000007.SZ,1996Q4,,,,000007,全新好,深圳,其他商业,主板,19920413,L
000007.SZ,2014Q1,,,280622.916,000007,全新好,深圳,其他商业,主板,19920413,L
000007.SZ,2014Q2,,,265841.1328,000007,全新好,深圳,其他商业,主板,19920413,L
000007.SZ,2014Q3,,,384326.364,000007,全新好,深圳,其他商业,主板,19920413,L
000007.SZ,2014Q4,346974547.10745955,346974547.10745955,337209.43,000007,全新好,深圳,其他商业,主板,19920413,L
000007.SZ,2015Q1,2068258345.8510711,2068258345.8510711,442298.6701,000007,全新好,深圳,其他商业,主板,19920413,L
000007.SZ,2015Q2,1417384496.9326177,1417384496.9326177,673725.9639,000007,全新好,深圳,其他商业,主板,19920413,L
000007.SZ,2015Q3,2660965303.2753253,2660965303.2753253,673725.9639,000007,全新好,深圳,其他商业,主板,19920413,L
000007.SZ,2015Q4,6618026227.695659,6618026227.695659,549466.5986,000007,全新好,深圳,其他商业,主板,19920413,L
000007.SZ,2016Q1,6860894732.0529375,6860894732.0529375,549466.5986,000007,全新好,深圳,其他商业,主板,19920413,L
000007.SZ,2016Q2,4692947862.169988,4692947862.169988,549466.5986,000007,全新好,深圳,其他商业,主板,19920413,L
000007.SZ,2016Q3,4430506820.887259,4430506820.887259,561707.7628,000007,全新好,深圳,其他商业,主板,19920413,L
000007.SZ,2016Q4,,,591964.2254,000007,全新好,深圳,其他商业,主板,19920413,L
000007.SZ,2017Q1,,,549928.5293,000007,全新好,深圳,其他商业,主板,19920413,L
000007.SZ,2017Q2,,,549928.5293,000007,全新好,深圳,其他商业,主板,19920413,L
000007.SZ,2017Q3,133050236.5177763,133050236.5177763,577182.4413,000007,全新好,深圳,其他商业,主板,19920413,L
000007.SZ,2017Q4,80736499.19100416,80736499.19100416,577182.4413,000007,全新好,深圳,其他商业,主板,19920413,L
000007.SZ,2018Q1,,,496460.0471,000007,全新好,深圳,其他商业,主板,19920413,L
000007.SZ,2018Q2,,,463893.9309,000007,全新好,深圳,其他商业,主板,19920413,L
000007.SZ,2018Q3,,,271268.8185,000007,全新好,深圳,其他商业,主板,19920413,L
000007.SZ,2018Q4,,,279237.1235,000007,全新好,深圳,其他商业,主板,19920413,L
000007.SZ,2019Q1,,,251174.8319,000007,全新好,深圳,其他商业,主板,19920413,L
000007.SZ,2019Q2,,,236624.0141,000007,全新好,深圳,其他商业,主板,19920413,L
000007.SZ,2019Q3,,,290323.4609,000007,全新好,深圳,其他商业,主板,19920413,L
000007.SZ,2019Q4,,,329125.6418,000007,全新好,深圳,其他商业,主板,19920413,L
000007.SZ,2020Q1,,,280276.4676,000007,全新好,深圳,其他商业,主板,19920413,L
000007.SZ,2020Q2,,,302449.1424,000007,全新好,深圳,其他商业,主板,19920413,L
000007.SZ,2020Q3,,,325661.1614,000007,全新好,深圳,其他商业,主板,19920413,L
000007.SZ,2020Q4,,,241474.2867,000007,全新好,深圳,其他商业,主板,19920413,L
000007.SZ,2021Q1,,,134075.393,000007,全新好,深圳,其他商业,主板,19920413,L
000007.SZ,2021Q2,,,142390.1461,000007,全新好,深圳,其他商业,主板,19920413,L
000007.SZ,2021Q3,,,146547.5226,000007,全新好,深圳,其他商业,主板,19920413,L
000007.SZ,2021Q4,,,210986.8588,000007,全新好,深圳,其他商业,主板,19920413,L
000007.SZ,2022Q1,,,219301.6119,000007,全新好,深圳,其他商业,主板,19920413,L
000007.SZ,2022Q2,870588496.2926519,288058566.31866443,250481.9358,000007,全新好,深圳,其他商业,主板,19920413,L
000007.SZ,2022Q3,1300720267.5891976,449857644.02533203,279237.1235,000007,全新好,深圳,其他商业,主板,19920413,L
000007.SZ,2022Q4,4195049203.974115,4195049203.974115,269536.5782,000007,全新好,深圳,其他商业,主板,19920413,L
000007.SZ,2023Q1,,,265725.6497,000007,全新好,深圳,其他商业,主板,19920413,L
000007.SZ,2023Q2,,,154862.2757,000007,全新好,深圳,其他商业,主板,19920413,L
000007.SZ,2023Q3,,,155901.6198,000007,全新好,深圳,其他商业,主板,19920413,L
000007.SZ,2023Q4,,,168720.1974,000007,全新好,深圳,其他商业,主板,19920413,L
000007.SZ,2024Q1,,,154862.2757,000007,全新好,深圳,其他商业,主板,19920413,L
000007.SZ,2024Q2,4115998061.975853,4115998061.975853,164216.3729,000007,全新好,深圳,其他商业,主板,19920413,L
000007.SZ,2024Q3,2460885250.808431,2460885250.808431,234545.3258,000007,全新好,深圳,其他商业,主板,19920413,L
000007.SZ,2024Q4,5443888753.169072,6707506518.9313755,243552.9749,000007,全新好,深圳,其他商业,主板,19920413,L
000007.SZ,2025Q1,7218753332.626024,7218753332.626024,210986.8588,000007,全新好,深圳,其他商业,主板,19920413,L
000007.SZ,2025Q2,8896433599.876131,8896433599.876131,263646.9615,000007,全新好,深圳,其他商业,主板,19920413,L
000007.SZ,2025Q3,12456941252.017967,12456941252.017967,252560.6241,000007,全新好,深圳,其他商业,主板,19920413,L
000007.SZ,2025Q4,9724195813.922503,9724195813.922503,396336.5623,000007,全新好,深圳,其他商业,主板,19920413,L
000007.SZ,2026Q1,9467352308.461868,367219532.8152532,448650.217,000007,全新好,深圳,其他商业,主板,19920413,L
000007.SZ,2026Q2,,,537340.9162,000007,全新好,深圳,其他商业,主板,19920413,L
000008.SZ,1992Q4,,,,000008,神州高铁,北京,运输设备,主板,19920507,L
000008.SZ,1993Q4,,,,000008,神州高铁,北京,运输设备,主板,19920507,L
000008.SZ,2012Q4,,,,000008,神州高铁,北京,运输设备,主板,19920507,L
000008.SZ,2014Q1,,,288421.558,000008,神州高铁,北京,运输设备,主板,19920507,L
000008.SZ,2014Q2,,,255025.3776,000008,神州高铁,北京,运输设备,主板,19920507,L
000008.SZ,2014Q3,,,490316.6486,000008,神州高铁,北京,运输设备,主板,19920507,L
000008.SZ,2014Q4,1983047935.2501016,1983047935.2501016,670656.0228,000008,神州高铁,北京,运输设备,主板,19920507,L
000008.SZ,2015Q1,,,2157965.6748,000008,神州高铁,北京,运输设备,主板,19920507,L
000008.SZ,2015Q2,,,2157965.6748,000008,神州高铁,北京,运输设备,主板,19920507,L
000008.SZ,2015Q3,,,1999829.3294,000008,神州高铁,北京,运输设备,主板,19920507,L
000008.SZ,2015Q4,,,2838311.988,000008,神州高铁,北京,运输设备,主板,19920507,L
000008.SZ,2016Q1,,,2981083.7306,000008,神州高铁,北京,运输设备,主板,19920507,L
000008.SZ,2016Q2,,,3003145.4048,000008,神州高铁,北京,运输设备,主板,19920507,L
000008.SZ,2016Q3,,,2672220.2914,000008,神州高铁,北京,运输设备,主板,19920507,L
000008.SZ,2016Q4,,,2618060.956,000008,神州高铁,北京,运输设备,主板,19920507,L
000008.SZ,2017Q1,,,2455134.4158,000008,神州高铁,北京,运输设备,主板,19920507,L
000008.SZ,2017Q2,,,2045008.9871,000008,神州高铁,北京,运输设备,主板,19920507,L
000008.SZ,2017Q3,,,2545561.7669,000008,神州高铁,北京,运输设备,主板,19920507,L
000008.SZ,2017Q4,,,2466038.5829,000008,神州高铁,北京,运输设备,主板,19920507,L
000008.SZ,2018Q1,,,1927737.5894,000008,神州高铁,北京,运输设备,主板,19920507,L
000008.SZ,2018Q2,,,1411983.2343,000008,神州高铁,北京,运输设备,主板,19920507,L
000008.SZ,2018Q3,,,1240065.116,000008,神州高铁,北京,运输设备,主板,19920507,L
000008.SZ,2018Q4,,,1096330.2957,000008,神州高铁,北京,运输设备,主板,19920507,L
000008.SZ,2019Q1,,,1284727.4499,000008,神州高铁,北京,运输设备,主板,19920507,L
000008.SZ,2019Q2,,,1048359.8454,000008,神州高铁,北京,运输设备,主板,19920507,L
000008.SZ,2019Q3,,,953812.8037,000008,神州高铁,北京,运输设备,主板,19920507,L
000008.SZ,2019Q4,,,1009428.7106,000008,神州高铁,北京,运输设备,主板,19920507,L
000008.SZ,2020Q1,,,873169.7386,000008,神州高铁,北京,运输设备,主板,19920507,L
000008.SZ,2020Q2,,,817553.8317,000008,神州高铁,北京,运输设备,主板,19920507,L
000008.SZ,2020Q3,-1645501058.5135143,-2090582428.791551,800869.0596,000008,神州高铁,北京,运输设备,主板,19920507,L
000008.SZ,2020Q4,5066254920.852821,5066254920.852821,706322.0179,000008,神州高铁,北京,运输设备,主板,19920507,L
000008.SZ,2021Q1,7374353379.70162,7374353379.70162,636802.1342,000008,神州高铁,北京,运输设备,主板,19920507,L
000008.SZ,2021Q2,6673931182.404657,6673931182.404657,617336.5668,000008,神州高铁,北京,运输设备,主板,19920507,L
000008.SZ,2021Q3,-3711881787.221659,-3711881787.221659,625678.9529,000008,神州高铁,北京,运输设备,主板,19920507,L
000008.SZ,2021Q4,-1454928046.0777786,-1454928046.0777786,817553.8317,000008,神州高铁,北京,运输设备,主板,19920507,L
000008.SZ,2022Q1,4637906043.936506,4637906043.936506,706322.0179,000008,神州高铁,北京,运输设备,主板,19920507,L
000008.SZ,2022Q2,11777105620.243977,11777105620.243977,695198.8365,000008,神州高铁,北京,运输设备,主板,19920507,L
000008.SZ,2022Q3,12996803134.94836,12996803134.94836,611774.9761,000008,神州高铁,北京,运输设备,主板,19920507,L
000008.SZ,2022Q4,8142552841.130138,8142552841.130138,639582.9296,000008,神州高铁,北京,运输设备,主板,19920507,L
000008.SZ,2023Q1,4490759889.696653,4490759889.696653,643781.5109,000008,神州高铁,北京,运输设备,主板,19920507,L
000008.SZ,2023Q2,-1329385515.5887916,-1329385515.5887916,641065.1332,000008,神州高铁,北京,运输设备,主板,19920507,L
000008.SZ,2023Q3,,,662796.1547,000008,神州高铁,北京,运输设备,主板,19920507,L
000008.SZ,2023Q4,,,641065.1332,000008,神州高铁,北京,运输设备,主板,19920507,L
000008.SZ,2024Q1,,,673661.6654,000008,神州高铁,北京,运输设备,主板,19920507,L
000008.SZ,2024Q2,,,524260.8928,000008,神州高铁,北京,运输设备,主板,19920507,L
000008.SZ,2024Q3,,,654647.0216,000008,神州高铁,北京,运输设备,主板,19920507,L
000008.SZ,2024Q4,6243540943.812177,6243540943.812177,787749.5281,000008,神州高铁,北京,运输设备,主板,19920507,L
000008.SZ,2025Q1,8502159665.840425,8502159665.840425,695392.6868,000008,神州高铁,北京,运输设备,主板,19920507,L
000008.SZ,2025Q2,9594966321.846281,9594966321.846281,757869.3736,000008,神州高铁,北京,运输设备,主板,19920507,L
000008.SZ,2025Q3,8891068355.418085,8891068355.418085,774167.6397,000008,神州高铁,北京,运输设备,主板,19920507,L
000008.SZ,2025Q4,1576507807.1464376,-283348581.5477171,774167.6397,000008,神州高铁,北京,运输设备,主板,19920507,L
000008.SZ,2026Q1,1288060681.9376926,-363580452.77502036,888255.5023,000008,神州高铁,北京,运输设备,主板,19920507,L
000008.SZ,2026Q2,,,730705.5967,000008,神州高铁,北京,运输设备,主板,19920507,L
000009.SZ,1992Q4,,,,000009,中国宝安,深圳,电气设备,主板,19910625,L
000009.SZ,1993Q4,,,,000009,中国宝安,深圳,电气设备,主板,19910625,L
000009.SZ,1994Q4,,,,000009,中国宝安,深圳,电气设备,主板,19910625,L
000009.SZ,1995Q4,,,,000009,中国宝安,深圳,电气设备,主板,19910625,L
000009.SZ,1996Q4,,,,000009,中国宝安,深圳,电气设备,主板,19910625,L
000009.SZ,2008Q4,,,,000009,中国宝安,深圳,电气设备,主板,19910625,L
000009.SZ,2009Q4,,,,000009,中国宝安,深圳,电气设备,主板,19910625,L
000009.SZ,2010Q4,,,,000009,中国宝安,深圳,电气设备,主板,19910625,L
000009.SZ,2012Q4,,,,000009,中国宝安,深圳,电气设备,主板,19910625,L
000009.SZ,2013Q4,,,,000009,中国宝安,深圳,电气设备,主板,19910625,L
000009.SZ,2014Q1,,,1322098.7158,000009,中国宝安,深圳,电气设备,主板,19910625,L
000009.SZ,2014Q2,,,1280704.7333,000009,中国宝安,深圳,电气设备,主板,19910625,L
000009.SZ,2014Q3,,,2000458.2838,000009,中国宝安,深圳,电气设备,主板,19910625,L
000009.SZ,2014Q4,,,1949280.2691,000009,中国宝安,深圳,电气设备,主板,19910625,L
000009.SZ,2015Q1,,,2658819.3346,000009,中国宝安,深圳,电气设备,主板,19910625,L
000009.SZ,2015Q2,,,2596727.1466,000009,中国宝安,深圳,电气设备,主板,19910625,L
000009.SZ,2015Q3,,,1686041.7218,000009,中国宝安,深圳,电气设备,主板,19910625,L
000009.SZ,2015Q4,,,2859424.8653,000009,中国宝安,深圳,电气设备,主板,19910625,L
000009.SZ,2016Q1,,,2185963.441,000009,中国宝安,深圳,电气设备,主板,19910625,L
000009.SZ,2016Q2,,,2181187.1188,000009,中国宝安,深圳,电气设备,主板,19910625,L
000009.SZ,2016Q3,,,2231020.0799,000009,中国宝安,深圳,电气设备,主板,19910625,L
000009.SZ,2016Q4,,,2226721.39,000009,中国宝安,深圳,电气设备,主板,19910625,L
000009.SZ,2017Q1,,,1970949.3384,000009,中国宝安,深圳,电气设备,主板,19910625,L
000009.SZ,2017Q2,,,1738820.0815,000009,中国宝安,深圳,电气设备,主板,19910625,L
000009.SZ,2017Q3,,,1932261.1289,000009,中国宝安,深圳,电气设备,主板,19910625,L
000009.SZ,2017Q4,,,1553976.414,000009,中国宝安,深圳,电气设备,主板,19910625,L
000009.SZ,2018Q1,,,1304652.3974,000009,中国宝安,深圳,电气设备,主板,19910625,L
000009.SZ,2018Q2,,,1053179.0358,000009,中国宝安,深圳,电气设备,主板,19910625,L
000009.SZ,2018Q3,22764704996.10853,22764704996.10853,997296.0665,000009,中国宝安,深圳,电气设备,主板,19910625,L
000009.SZ,2018Q4,36861669127.38701,36861669127.38701,926367.6825,000009,中国宝安,深圳,电气设备,主板,19910625,L
000009.SZ,2019Q1,44939199064.86389,44939199064.86389,1442210.4755,000009,中国宝安,深圳,电气设备,主板,19910625,L
000009.SZ,2019Q2,47001847219.13467,47001847219.13467,1227275.9784,000009,中国宝安,深圳,电气设备,主板,19910625,L
000009.SZ,2019Q3,25034141466.22029,25034141466.22029,1137433.3586,000009,中国宝安,深圳,电气设备,主板,19910625,L
000009.SZ,2019Q4,14698749440.948183,6371137436.04591,1596533.4443,000009,中国宝安,深圳,电气设备,主板,19910625,L
000009.SZ,2020Q1,13038360835.20314,5744578241.169391,1516577.8114,000009,中国宝安,深圳,电气设备,主板,19910625,L
000009.SZ,2020Q2,4674708788.913606,3282882240.434269,2194911.0842,000009,中国宝安,深圳,电气设备,主板,19910625,L
000009.SZ,2020Q3,3425732218.771246,765144852.2279024,1805449.7755,000009,中国宝安,深圳,电气设备,主板,19910625,L
000009.SZ,2020Q4,,,1942148.1156,000009,中国宝安,深圳,电气设备,主板,19910625,L
000009.SZ,2021Q1,,,2238757.7216,000009,中国宝安,深圳,电气设备,主板,19910625,L
000009.SZ,2021Q2,,,4712223.9141,000009,中国宝安,深圳,电气设备,主板,19910625,L
000009.SZ,2021Q3,,,4946932.3849,000009,中国宝安,深圳,电气设备,主板,19910625,L
000009.SZ,2021Q4,,,3721805.7515,000009,中国宝安,深圳,电气设备,主板,19910625,L
000009.SZ,2022Q1,,,2886140.4268,000009,中国宝安,深圳,电气设备,主板,19910625,L
000009.SZ,2022Q2,,,3479359.6388,000009,中国宝安,深圳,电气设备,主板,19910625,L
000009.SZ,2022Q3,,,2893878.0687,000009,中国宝安,深圳,电气设备,主板,19910625,L
000009.SZ,2022Q4,,,3118269.6837,000009,中国宝安,深圳,电气设备,主板,19910625,L
000009.SZ,2023Q1,,,2932566.2782,000009,中国宝安,深圳,电气设备,主板,19910625,L
000009.SZ,2023Q2,7657666319.773893,30455518887.246193,3113111.2558,000009,中国宝安,深圳,电气设备,主板,19910625,L
000009.SZ,2023Q3,39187894089.40349,453591942175.5992,2687540.9515,000009,中国宝安,深圳,电气设备,主板,19910625,L
000009.SZ,2023Q4,80928689085.02678,137967948820.30243,3027997.1949,000009,中国宝安,深圳,电气设备,主板,19910625,L
000009.SZ,2024Q1,43483807657.37515,51767527975.69371,2733966.8029,000009,中国宝安,深圳,电气设备,主板,19910625,L
000009.SZ,2024Q2,,,2218124.0099,000009,中国宝安,深圳,电气设备,主板,19910625,L
000009.SZ,2024Q3,,,2478624.6204,000009,中国宝安,深圳,电气设备,主板,19910625,L
000009.SZ,2024Q4,,,2359980.778,000009,中国宝安,深圳,电气设备,主板,19910625,L
000009.SZ,2025Q1,,,2091742.5256,000009,中国宝安,深圳,电气设备,主板,19910625,L
000009.SZ,2025Q2,,,2290342.0009,000009,中国宝安,深圳,电气设备,主板,19910625,L
000009.SZ,2025Q3,,,3213700.6004,000009,中国宝安,深圳,电气设备,主板,19910625,L
000009.SZ,2025Q4,,,2540525.7555,000009,中国宝安,深圳,电气设备,主板,19910625,L
000009.SZ,2026Q1,,,2272287.5032,000009,中国宝安,深圳,电气设备,主板,19910625,L
000009.SZ,2026Q2,,,2231020.0797,000009,中国宝安,深圳,电气设备,主板,19910625,L
000010.SZ,1995Q4,,,,000010,*ST美丽,深圳,建筑工程,主板,19951027,L
000010.SZ,1996Q4,,,,000010,*ST美丽,深圳,建筑工程,主板,19951027,L
000010.SZ,1998Q4,,,,000010,*ST美丽,深圳,建筑工程,主板,19951027,L
000010.SZ,2014Q1,,,371660.106,000010,*ST美丽,深圳,建筑工程,主板,19951027,L
000010.SZ,2014Q2,,,386361.8507,000010,*ST美丽,深圳,建筑工程,主板,19951027,L
000010.SZ,2014Q3,,,457518.2951,000010,*ST美丽,深圳,建筑工程,主板,19951027,L
000010.SZ,2014Q4,,,435171.6431,000010,*ST美丽,深圳,建筑工程,主板,19951027,L
000010.SZ,2015Q1,,,435171.6431,000010,*ST美丽,深圳,建筑工程,主板,19951027,L
000010.SZ,2015Q2,,,635703.4408,000010,*ST美丽,深圳,建筑工程,主板,19951027,L
000010.SZ,2015Q3,,,362839.0592,000010,*ST美丽,深圳,建筑工程,主板,19951027,L
000010.SZ,2015Q4,,,712669.2714,000010,*ST美丽,深圳,建筑工程,主板,19951027,L
000010.SZ,2016Q1,,,682938.9759,000010,*ST美丽,深圳,建筑工程,主板,19951027,L
000010.SZ,2016Q2,,,641946.2403,000010,*ST美丽,深圳,建筑工程,主板,19951027,L
000010.SZ,2016Q3,,,689497.8136,000010,*ST美丽,深圳,建筑工程,主板,19951027,L
000010.SZ,2016Q4,,,630468.2743,000010,*ST美丽,深圳,建筑工程,主板,19951027,L
000010.SZ,2017Q1,17699834290.631523,17699834290.631523,555861.4954,000010,*ST美丽,深圳,建筑工程,主板,19951027,L
000010.SZ,2017Q2,17410574216.379887,17410574216.379887,414026.6301,000010,*ST美丽,深圳,建筑工程,主板,19951027,L
000010.SZ,2017Q3,18012824965.263416,18012824965.263416,438622.2715,000010,*ST美丽,深圳,建筑工程,主板,19951027,L
000010.SZ,2017Q4,14757482082.913116,14757482082.913116,444361.2544,000010,*ST美丽,深圳,建筑工程,主板,19951027,L
000010.SZ,2018Q1,,,369754.4756,000010,*ST美丽,深圳,建筑工程,主板,19951027,L
000010.SZ,2018Q2,,,320563.1928,000010,*ST美丽,深圳,建筑工程,主板,19951027,L
000010.SZ,2018Q3,,,395169.9717,000010,*ST美丽,深圳,建筑工程,主板,19951027,L
000010.SZ,2018Q4,,,267272.6364,000010,*ST美丽,深圳,建筑工程,主板,19951027,L
000010.SZ,2019Q1,,,286129.2948,000010,*ST美丽,深圳,建筑工程,主板,19951027,L
000010.SZ,2019Q2,,,271371.91,000010,*ST美丽,深圳,建筑工程,主板,19951027,L
000010.SZ,2019Q3,,,275471.1836,000010,*ST美丽,深圳,建筑工程,主板,19951027,L
000010.SZ,2019Q4,565738343.4189278,565738343.4189278,278750.6024,000010,*ST美丽,深圳,建筑工程,主板,19951027,L
000010.SZ,2020Q1,,,286949.1496,000010,*ST美丽,深圳,建筑工程,主板,19951027,L
000010.SZ,2020Q2,1165307188.4208941,1165307188.4208941,311544.7909,000010,*ST美丽,深圳,建筑工程,主板,19951027,L
000010.SZ,2020Q3,,,320563.1928,000010,*ST美丽,深圳,建筑工程,主板,19951027,L
000010.SZ,2020Q4,,,320563.1928,000010,*ST美丽,深圳,建筑工程,主板,19951027,L
000010.SZ,2021Q1,,,336140.4323,000010,*ST美丽,深圳,建筑工程,主板,19951027,L
000010.SZ,2021Q2,,,327941.8852,000010,*ST美丽,深圳,建筑工程,主板,19951027,L
000010.SZ,2021Q3,,,301706.5344,000010,*ST美丽,深圳,建筑工程,主板,19951027,L
000010.SZ,2021Q4,,,309085.2268,000010,*ST美丽,深圳,建筑工程,主板,19951027,L
000010.SZ,2022Q1,1410342037.2400808,347753995.79641604,279570.4571,000010,*ST美丽,深圳,建筑工程,主板,19951027,L
000010.SZ,2022Q2,,,424535.6091,000010,*ST美丽,深圳,建筑工程,主板,19951027,L
000010.SZ,2022Q3,,,333488.072,000010,*ST美丽,深圳,建筑工程,主板,19951027,L
000010.SZ,2022Q4,,,397009.6095,000010,*ST美丽,深圳,建筑工程,主板,19951027,L
000010.SZ,2023Q1,,,298551.2263,000010,*ST美丽,深圳,建筑工程,主板,19951027,L
000010.SZ,2023Q2,,,241381.8426,000010,*ST美丽,深圳,建筑工程,主板,19951027,L
000010.SZ,2023Q3,,,373718.3791,000010,*ST美丽,深圳,建筑工程,主板,19951027,L
000010.SZ,2023Q4,,,365589.4289,000010,*ST美丽,深圳,建筑工程,主板,19951027,L
000010.SZ,2024Q1,,,271317.9409,000010,*ST美丽,深圳,建筑工程,主板,19951027,L
000010.SZ,2024Q2,,,182794.7144,000010,*ST美丽,深圳,建筑工程,主板,19951027,L
000010.SZ,2024Q3,,,250624.1997,000010,*ST美丽,深圳,建筑工程,主板,19951027,L
000010.SZ,2024Q4,1760799048.0669336,342518855.8332111,323052.2941,000010,*ST美丽,深圳,建筑工程,主板,19951027,L
000010.SZ,2025Q1,,,328800.5555,000010,*ST美丽,深圳,建筑工程,主板,19951027,L
000010.SZ,2025Q2,,,346045.3399,000010,*ST美丽,深圳,建筑工程,主板,19951027,L
000010.SZ,2025Q3,,,512744.9222,000010,*ST美丽,深圳,建筑工程,主板,19951027,L
000010.SZ,2025Q4,,,405827.2591,000010,*ST美丽,深圳,建筑工程,主板,19951027,L
000010.SZ,2026Q1,,,446065.0893,000010,*ST美丽,深圳,建筑工程,主板,19951027,L
000010.SZ,2026Q2,,,332249.5124,000010,*ST美丽,深圳,建筑工程,主板,19951027,L
000011.SZ,1992Q4,,,,000011,深物业A,深圳,房产服务,主板,19920330,L
000011.SZ,1993Q4,,,,000011,深物业A,深圳,房产服务,主板,19920330,L
000011.SZ,1994Q4,,,,000011,深物业A,深圳,房产服务,主板,19920330,L
000011.SZ,1995Q4,,,,000011,深物业A,深圳,房产服务,主板,19920330,L
000011.SZ,2009Q3,,,,000011,深物业A,深圳,房产服务,主板,19920330,L
000011.SZ,2013Q4,,,,000011,深物业A,深圳,房产服务,主板,19920330,L
000011.SZ,2014Q1,,,471419.4618,000011,深物业A,深圳,房产服务,主板,19920330,L
000011.SZ,2014Q2,,,399901.9707,000011,深物业A,深圳,房产服务,主板,19920330,L
000011.SZ,2014Q3,,,492278.73,000011,深物业A,深圳,房产服务,主板,19920330,L
000011.SZ,2014Q4,,,594787.1338,000011,深物业A,深圳,房产服务,主板,19920330,L
000011.SZ,2015Q1,,,715770.8895,000011,深物业A,深圳,房产服务,主板,19920330,L
000011.SZ,2015Q2,,,888008.8471,000011,深物业A,深圳,房产服务,主板,19920330,L
000011.SZ,2015Q3,954675729.5238931,954675729.5238931,612070.5275,000011,深物业A,深圳,房产服务,主板,19920330,L
000011.SZ,2015Q4,8113256600.737329,8113256600.737329,865361.6416,000011,深物业A,深圳,房产服务,主板,19920330,L
000011.SZ,2016Q1,36389773138.58829,36389773138.58829,848078.2479,000011,深物业A,深圳,房产服务,主板,19920330,L
000011.SZ,2016Q2,56505900048.188774,56505900048.188774,798016.0042,000011,深物业A,深圳,房产服务,主板,19920330,L
000011.SZ,2016Q3,68074061808.74956,68074061808.74956,1012568.4773,000011,深物业A,深圳,房产服务,主板,19920330,L
000011.SZ,2016Q4,63469225138.34652,63469225138.34652,1116268.8393,000011,深物业A,深圳,房产服务,主板,19920330,L
000011.SZ,2017Q1,32740998046.26865,32740998046.26865,966678.0872,000011,深物业A,深圳,房产服务,主板,19920330,L
000011.SZ,2017Q2,8678279575.155504,8678279575.155504,1191958.184,000011,深物业A,深圳,房产服务,主板,19920330,L
000011.SZ,2017Q3,,,1156199.4385,000011,深物业A,深圳,房产服务,主板,19920330,L
000011.SZ,2017Q4,,,1000648.8955,000011,深物业A,深圳,房产服务,主板,19920330,L
000011.SZ,2018Q1,,,953566.5472,000011,深物业A,深圳,房产服务,主板,19920330,L
000011.SZ,2018Q2,,,659748.8548,000011,深物业A,深圳,房产服务,主板,19920330,L
000011.SZ,2018Q3,3844537783.9740763,3844537783.9740763,692527.7049,000011,深物业A,深圳,房产服务,主板,19920330,L
000011.SZ,2018Q4,33221931744.396397,33221931744.396397,547108.8065,000011,深物业A,深圳,房产服务,主板,19920330,L
000011.SZ,2019Q1,31777479342.79319,31777479342.79319,695507.6004,000011,深物业A,深圳,房产服务,主板,19920330,L
000011.SZ,2019Q2,23741044049.115746,23741044049.115746,569160.0329,000011,深物业A,深圳,房产服务,主板,19920330,L
000011.SZ,2019Q3,43353879109.69015,43353879109.69015,571543.9492,000011,深物业A,深圳,房产服务,主板,19920330,L
000011.SZ,2019Q4,24768619428.531498,24201833327.265995,560816.3256,000011,深物业A,深圳,房产服务,主板,19920330,L
000011.SZ,2020Q1,9369797861.948402,10477220813.168327,495258.6255,000011,深物业A,深圳,房产服务,主板,19920330,L
000011.SZ,2020Q2,,,953566.5472,000011,深物业A,深圳,房产服务,主板,19920330,L
000011.SZ,2020Q3,,,1064418.6583,000011,深物业A,深圳,房产服务,主板,19920330,L
000011.SZ,2020Q4,9705878425.292027,22244009469.614033,725306.555,000011,深物业A,深圳,房产服务,主板,19920330,L
000011.SZ,2021Q1,28287470809.44808,71192835283.79845,802783.8369,000011,深物业A,深圳,房产服务,主板,19920330,L
000011.SZ,2021Q2,85034863911.69534,398449848573.6821,724710.5759,000011,深物业A,深圳,房产服务,主板,19920330,L
000011.SZ,2021Q3,6697702996.120468,41838237457.94162,721730.6804,000011,深物业A,深圳,房产服务,主板,19920330,L
000011.SZ,2021Q4,,,694911.6213,000011,深物业A,深圳,房产服务,主板,19920330,L
000011.SZ,2022Q1,,,772388.9032,000011,深物业A,深圳,房产服务,主板,19920330,L
000011.SZ,2022Q2,,,805167.7533,000011,深物业A,深圳,房产服务,主板,19920330,L
000011.SZ,2022Q3,,,547704.7855,000011,深物业A,深圳,房产服务,主板,19920330,L
000011.SZ,2022Q4,258107763.22791624,-995701982.0947785,690739.7676,000011,深物业A,深圳,房产服务,主板,19920330,L
000011.SZ,2023Q1,9045316950.150745,2986714124.1304407,602534.862,000011,深物业A,深圳,房产服务,主板,19920330,L
000011.SZ,2023Q2,,,553664.5765,000011,深物业A,深圳,房产服务,主板,19920330,L
000011.SZ,2023Q3,,,582271.5729,000011,深物业A,深圳,房产服务,主板,19920330,L
000011.SZ,2023Q4,,,528037.4755,000011,深物业A,深圳,房产服务,主板,19920330,L
000011.SZ,2024Q1,,,491086.7718,000011,深物业A,深圳,房产服务,主板,19920330,L
000011.SZ,2024Q2,,,461287.8172,000011,深物业A,深圳,房产服务,主板,19920330,L
000011.SZ,2024Q3,,,585251.4683,000011,深物业A,深圳,房产服务,主板,19920330,L
000011.SZ,2024Q4,,,520885.7264,000011,深物业A,深圳,房产服务,主板,19920330,L
000011.SZ,2025Q1,,,495854.6045,000011,深物业A,深圳,房产服务,主板,19920330,L
000011.SZ,2025Q2,,,503602.3327,000011,深物业A,深圳,房产服务,主板,19920330,L
000011.SZ,2025Q3,,,554260.5556,000011,深物业A,深圳,房产服务,主板,19920330,L
000011.SZ,2025Q4,,,536977.1619,000011,深物业A,深圳,房产服务,主板,19920330,L
000011.SZ,2026Q1,,,511946.04,000011,深物业A,深圳,房产服务,主板,19920330,L
000011.SZ,2026Q2,,,480955.1272,000011,深物业A,深圳,房产服务,主板,19920330,L
000012.SZ,1992Q4,,,,000012,南玻Ａ,深圳,玻璃,主板,19920228,L
000012.SZ,1993Q4,,,,000012,南玻Ａ,深圳,玻璃,主板,19920228,L
000012.SZ,1994Q4,,,,000012,南玻Ａ,深圳,玻璃,主板,19920228,L
000012.SZ,1995Q4,,,,000012,南玻Ａ,深圳,玻璃,主板,19920228,L
000012.SZ,1996Q4,,,,000012,南玻Ａ,深圳,玻璃,主板,19920228,L
000012.SZ,2000Q4,,,,000012,南玻Ａ,深圳,玻璃,主板,19920228,L
000012.SZ,2001Q4,,,,000012,南玻Ａ,深圳,玻璃,主板,19920228,L
000012.SZ,2002Q4,,,,000012,南玻Ａ,深圳,玻璃,主板,19920228,L
000012.SZ,2003Q4,,,,000012,南玻Ａ,深圳,玻璃,主板,19920228,L
000012.SZ,2004Q4,,,,000012,南玻Ａ,深圳,玻璃,主板,19920228,L
000012.SZ,2005Q4,,,,000012,南玻Ａ,深圳,玻璃,主板,19920228,L
000012.SZ,2006Q4,,,,000012,南玻Ａ,深圳,玻璃,主板,19920228,L
000012.SZ,2007Q4,,,,000012,南玻Ａ,深圳,玻璃,主板,19920228,L
000012.SZ,2008Q4,,,,000012,南玻Ａ,深圳,玻璃,主板,19920228,L
000012.SZ,2009Q4,,,,000012,南玻Ａ,深圳,玻璃,主板,19920228,L
000012.SZ,2010Q4,,,,000012,南玻Ａ,深圳,玻璃,主板,19920228,L
000012.SZ,2011Q4,,,,000012,南玻Ａ,深圳,玻璃,主板,19920228,L
000012.SZ,2012Q4,,,,000012,南玻Ａ,深圳,玻璃,主板,19920228,L
000012.SZ,2013Q4,,,,000012,南玻Ａ,深圳,玻璃,主板,19920228,L
000012.SZ,2014Q1,,,1635364.4213,000012,南玻Ａ,深圳,玻璃,主板,19920228,L
000012.SZ,2014Q2,,,1417454.1875,000012,南玻Ａ,深圳,玻璃,主板,19920228,L
000012.SZ,2014Q3,,,1635364.4213,000012,南玻Ａ,深圳,玻璃,主板,19920228,L
000012.SZ,2014Q4,,,1844973.3128,000012,南玻Ａ,深圳,玻璃,主板,19920228,L
000012.SZ,2015Q1,,,2255889.7537,000012,南玻Ａ,深圳,玻璃,主板,19920228,L
000012.SZ,2015Q2,,,2768497.637,000012,南玻Ａ,深圳,玻璃,主板,19920228,L
000012.SZ,2015Q3,,,1842897.9773,000012,南玻Ａ,深圳,玻璃,主板,19920228,L
000012.SZ,2015Q4,1280249900.8713493,1280249900.8713493,2770572.9726,000012,南玻Ａ,深圳,玻璃,主板,19920228,L
000012.SZ,2016Q1,10317112145.56398,10317112145.56398,2257965.0893,000012,南玻Ａ,深圳,玻璃,主板,19920228,L
000012.SZ,2016Q2,20471179941.73103,20471179941.73103,2378334.5518,000012,南玻Ａ,深圳,玻璃,主板,19920228,L
000012.SZ,2016Q3,25568846766.328632,25568846766.328632,2343053.8472,000012,南玻Ａ,深圳,玻璃,主板,19920228,L
000012.SZ,2016Q4,20793292800.912056,20793292800.912056,2353430.525,000012,南玻Ａ,深圳,玻璃,主板,19920228,L
000012.SZ,2017Q1,22165034850.353054,22165034850.353054,2264191.096,000012,南玻Ａ,深圳,玻璃,主板,19920228,L
000012.SZ,2017Q2,14854147949.867512,14854147949.867512,1936288.0775,000012,南玻Ａ,深圳,玻璃,主板,19920228,L
000012.SZ,2017Q3,21222099922.971878,21222099922.971878,1988067.6989,000012,南玻Ａ,深圳,玻璃,主板,19920228,L
000012.SZ,2017Q4,30943726578.17011,30943726578.17011,2099104.6772,000012,南玻Ａ,深圳,玻璃,主板,19920228,L
000012.SZ,2018Q1,26974625750.756996,26974625750.756996,1870563.1029,000012,南玻Ａ,深圳,玻璃,主板,19920228,L
000012.SZ,2018Q2,36409843538.85971,36409843538.85971,1414100.9906,000012,南玻Ａ,深圳,玻璃,主板,19920228,L
000012.SZ,2018Q3,36854606311.55132,36854606311.55132,1403005.8285,000012,南玻Ａ,深圳,玻璃,主板,19920228,L
000012.SZ,2018Q4,35668679614.450905,35668679614.450905,1142447.6032,000012,南玻Ａ,深圳,玻璃,主板,19920228,L
000012.SZ,2019Q1,37483098567.33635,37483098567.33635,1586255.5694,000012,南玻Ａ,深圳,玻璃,主板,19920228,L
000012.SZ,2019Q2,35296703423.945984,35296703423.945984,1293009.6038,000012,南玻Ａ,深圳,玻璃,主板,19920228,L
000012.SZ,2019Q3,39324953851.46853,39324953851.46853,1311658.7808,000012,南玻Ａ,深圳,玻璃,主板,19920228,L
000012.SZ,2019Q4,43282391051.05205,15546511632.302608,1557206.2777,000012,南玻Ａ,深圳,玻璃,主板,19920228,L
000012.SZ,2020Q1,35758092929.73545,12636887235.279453,1364498.1156,000012,南玻Ａ,深圳,玻璃,主板,19920228,L
000012.SZ,2020Q2,39867997860.72652,27611759281.77476,1541487.4377,000012,南玻Ａ,深圳,玻璃,主板,19920228,L
000012.SZ,2020Q3,39254586558.304306,31814857190.08419,1725728.9641,000012,南玻Ａ,深圳,玻璃,主板,19920228,L
000012.SZ,2020Q4,42603929993.64099,31626925249.78813,2266170.775,000012,南玻Ａ,深圳,玻璃,主板,19920228,L
000012.SZ,2021Q1,52431090742.06129,49573571619.30115,1931465.3353,000012,南玻Ａ,深圳,玻璃,主板,19920228,L
000012.SZ,2021Q2,58828808192.57166,63799048515.05534,3144388.7176,000012,南玻Ａ,深圳,玻璃,主板,19920228,L
000012.SZ,2021Q3,55535807904.82082,50932155548.92238,3073762.7991,000012,南玻Ａ,深圳,玻璃,主板,19920228,L
000012.SZ,2021Q4,56067494315.61706,53662847152.21654,3049197.2623,000012,南玻Ａ,深圳,玻璃,主板,19920228,L
000012.SZ,2022Q1,35964096395.760345,31917302957.37626,2278453.5434,000012,南玻Ａ,深圳,玻璃,主板,19920228,L
000012.SZ,2022Q2,10835632620.468813,9011471321.7588,2278453.5434,000012,南玻Ａ,深圳,玻璃,主板,19920228,L
000012.SZ,2022Q3,,,2131060.3223,000012,南玻Ａ,深圳,玻璃,主板,19920228,L
000012.SZ,2022Q4,,,2060434.4038,000012,南玻Ａ,深圳,玻璃,主板,19920228,L
000012.SZ,2023Q1,,,2060434.4038,000012,南玻Ａ,深圳,玻璃,主板,19920228,L
000012.SZ,2023Q2,,,1830132.4958,000012,南玻Ａ,深圳,玻璃,主板,19920228,L
000012.SZ,2023Q3,,,1731870.3483,000012,南玻Ａ,深圳,玻璃,主板,19920228,L
000012.SZ,2023Q4,,,1710375.5036,000012,南玻Ａ,深圳,玻璃,主板,19920228,L
000012.SZ,2024Q1,,,1679668.5825,000012,南玻Ａ,深圳,玻璃,主板,19920228,L
000012.SZ,2024Q2,,,1547628.8219,000012,南玻Ａ,深圳,玻璃,主板,19920228,L
000012.SZ,2024Q3,,,1774860.0378,000012,南玻Ａ,深圳,玻璃,主板,19920228,L
000012.SZ,2024Q4,,,1621325.4325,000012,南玻Ａ,深圳,玻璃,主板,19920228,L
000012.SZ,2025Q1,,,1513851.2088,000012,南玻Ａ,深圳,玻璃,主板,19920228,L
000012.SZ,2025Q2,,,1418659.7534,000012,南玻Ａ,深圳,玻璃,主板,19920228,L
000012.SZ,2025Q3,,,1421730.4455,000012,南玻Ａ,深圳,玻璃,主板,19920228,L
000012.SZ,2025Q4,-1345719443.887209,-4266591538.9922466,1360316.6034,000012,南玻Ａ,深圳,玻璃,主板,19920228,L
000012.SZ,2026Q1,29063687.00273609,-4658835846.916632,1353898.6209,000012,南玻Ａ,深圳,玻璃,主板,19920228,L
000012.SZ,2026Q2,,,1226114.9308,000012,南玻Ａ,深圳,玻璃,主板,19920228,L
